Workbook

Sheet 0. Panduan Penggunaan
A1: PANDUAN PENGGUNAAN TEMPLATE DMAIC + LEAN SIX SIGMA + FISHBONE
A2: Template ini membantu mendokumentasikan proyek perbaikan proses menggunakan kerangka DMAIC (Define - Measure - Analyze - Improve - Control) yang dipadukan dengan berbagai alat Lean Six Sigma (SIPOC, VOC/CTQ, Fishbone/Ishikawa, 5 Whys, Pareto Chart, FMEA, dan Control Chart). Buka sheet 'Homepage' untuk melihat ringkasan progress seluruh proyek secara otomatis.
A6: LANGKAH-LANGKAH PENGGUNAAN
A8: 1 | B8: Isi 'INFORMASI PROYEK' di sheet Homepage — nama proyek, tim, problem statement, dan tanggal, sebagai konteks umum seluruh proyek.
A9: 2 | B9: Buka sheet '1. Define' dan '1b. Project Charter & VOC-CTQ' — isi kolom kuning: PIC, Status, Progress, tanggal, catatan pada tabel 5 langkah, lalu lengkapi SIPOC, Project Charter, dan VOC/CTQ Tree.
A10: 3 | B10: Lanjutkan ke '2. Measure' — isi progress 5 langkah dan tabel Key Metrics & Baseline sesuai data yang dikumpulkan.
A11: 4 | B11: Di '3. Analyze', gunakan '3b. Fishbone (Ishikawa)' untuk brainstorming penyebab per kategori 6M, lalu '3c. Pareto Chart' untuk melihat penyebab paling dominan, dan tabel 5 Whys untuk menggali akar penyebab utamanya.
A12: 5 | B12: Di '4. Improve', bandingkan opsi solusi pada tabel Perbandingan Solusi, nilai risikonya di '4b. FMEA', lalu rencanakan & catat hasil uji coba pada Pilot Test Plan.
A13: 6 | B13: Di '5. Control', susun Control Plan dan gunakan '5b. Control Chart & Monitoring' untuk mencatat data pemantauan proses dari waktu ke waktu.
A14: 7 | B14: Update kolom 'Status' (dropdown) dan 'Progress (%)' di setiap tabel langkah — sheet 'Homepage' akan otomatis terhitung ulang dan menampilkan ringkasan progress seluruh fase.
A15: 8 | B15: Buka 'Glosarium' kapan pun jika ada istilah Lean Six Sigma yang belum familiar.
A17: KETERANGAN WARNA SEL
B18: Sel KUNING = wajib/boleh diisi oleh pengguna (data, status, tanggal, catatan).
B19: Sel ABU-ABU = konten tetap/rujukan materi (nama langkah, deskripsi, judul), tidak perlu diubah.
A21: Tips: gunakan dropdown pada kolom Status, dan jangan menghapus format/formula yang sudah ada supaya ringkasan progress di Homepage tetap akurat.

Sheet Homepage
A1: DASHBOARD PROGRESS - DMAIC FRAMEWORK
A2: Metode: Lean Six Sigma (DMAIC) dipadukan dengan Diagram Fishbone / Ishikawa (6M)
A4: INFORMASI PROYEK
A5: Nama Proyek
A6: Tim / Anggota
A7: Problem Statement (Ringkas)
A8: Tanggal Mulai Proyek
A9: Target Tanggal Selesai
A11: LEGENDA
A12: Belum Mulai | B12: Sedang Berjalan | C12: Selesai | E12: Sel Kuning = wajib diisi pengguna
A14: CONTOH PENGISIAN (lihat baris 'Mengidentifikasi Masalah' di sheet 1. Define sebagai referensi format)
A16: RINGKASAN PROGRESS SETIAP FASE DMAIC
A17: Fase | B17: Deskripsi Singkat | C17: Jumlah Langkah | D17: Selesai | E17: Sedang Berjalan | F17: Belum Mulai | G17: Rata-rata Progress | H17: Status Fase
A18: 1. Define | B18: Menentukan masalah, tim, tujuan proyek & SIPOC | C18: ='1. Define'!B7 -> 5 | D18: ='1. Define'!C7 -> 0 | E18: ='1. Define'!D7 -> 0 | F18: ='1. Define'!E7 -> 5 | G18: ='1. Define'!F7 -> 0 | H18: =IF(G18>=100,"Selesai",IF(G18<=0,"Belum Mulai","Sedang Berjalan")) -> Belum Mulai
A19: 2. Measure | B19: Mengumpulkan data & mengukur kinerja saat ini | C19: ='2. Measure'!B7 -> 5 | D19: ='2. Measure'!C7 -> 0 | E19: ='2. Measure'!D7 -> 0 | F19: ='2. Measure'!E7 -> 5 | G19: ='2. Measure'!F7 -> 0 | H19: =IF(G19>=100,"Selesai",IF(G19<=0,"Belum Mulai","Sedang Berjalan")) -> Belum Mulai
A20: 3. Analyze | B20: Mencari akar penyebab masalah (Fishbone & 5 Whys) | C20: ='3. Analyze'!B7 -> 5 | D20: ='3. Analyze'!C7 -> 0 | E20: ='3. Analyze'!D7 -> 0 | F20: ='3. Analyze'!E7 -> 5 | G20: ='3. Analyze'!F7 -> 0 | H20: =IF(G20>=100,"Selesai",IF(G20<=0,"Belum Mulai","Sedang Berjalan")) -> Belum Mulai
A21: 4. Improve | B21: Mengembangkan & menguji solusi perbaikan | C21: ='4. Improve'!B7 -> 5 | D21: ='4. Improve'!C7 -> 0 | E21: ='4. Improve'!D7 -> 0 | F21: ='4. Improve'!E7 -> 5 | G21: ='4. Improve'!F7 -> 0 | H21: =IF(G21>=100,"Selesai",IF(G21<=0,"Belum Mulai","Sedang Berjalan")) -> Belum Mulai
A22: 5. Control | B22: Menjaga perbaikan tetap konsisten & terpantau | C22: ='5. Control'!B7 -> 5 | D22: ='5. Control'!C7 -> 0 | E22: ='5. Control'!D7 -> 0 | F22: ='5. Control'!E7 -> 5 | G22: ='5. Control'!F7 -> 0 | H22: =IF(G22>=100,"Selesai",IF(G22<=0,"Belum Mulai","Sedang Berjalan")) -> Belum Mulai
A23: TOTAL / KESELURUHAN PROYEK | C23: =SUM(C18:C22) -> 25 | D23: =SUM(D18:D22) -> 0 | E23: =SUM(E18:E22) -> 0 | F23: =SUM(F18:F22) -> 25 | G23: =AVERAGE(G18:G22) -> 0 | H23: =IF(G23>=100,"PROYEK SELESAI",IF(G23<=0,"BELUM DIMULAI","SEDANG BERJALAN")) -> BELUM DIMULAI
A25: DAFTAR ALAT BANTU (TOOLS) DALAM TEMPLATE INI
A26: 0. Panduan Penggunaan | D26: Cara mengisi & menggunakan seluruh template ini
A27: 1. Define | D27: 5 langkah Define + Diagram SIPOC
A28: 1b. Project Charter & VOC-CTQ | D28: Business case, goal, scope, RACI, Voice of Customer & CTQ Tree
A29: 2. Measure | D29: 5 langkah Measure + tabel Key Metrics & Baseline
A30: 3. Analyze | D30: 5 langkah Analyze + 5 Whys + Validasi Penyebab
A31: 3b. Fishbone (Ishikawa) | D31: Diagram tulang ikan 6M untuk pemetaan penyebab
A32: 3c. Pareto Chart | D32: Grafik Pareto untuk menentukan penyebab paling dominan (80/20)
A33: 4. Improve | D33: 5 langkah Improve + Perbandingan Solusi + Pilot Test Plan
A34: 4b. FMEA (Analisis Risiko) | D34: Penilaian risiko Severity x Occurrence x Detection = RPN
A35: 5. Control | D35: 5 langkah Control + Control Plan + Jadwal Review
A36: 5b. Control Chart & Monitoring | D36: Grafik pemantauan kestabilan proses (run chart)
A37: Glosarium | D37: Penjelasan istilah-istilah Lean Six Sigma & DMAIC
A39: NAVIGASI: gunakan tab di bagian bawah untuk membuka setiap fase & alat bantu -> 0. Panduan | 1. Define | 1b. Charter/VOC-CTQ | 2. Measure | 3. Analyze | 3b. Fishbone | 3c. Pareto | 4. Improve | 4b. FMEA | 5. Control | 5b. Control Chart | Glosarium

Sheet 1. Define
A1: FASE 1: DEFINE (MENENTUKAN)
A2: Tahap pertama dalam DMAIC adalah Define, di mana masalah yang akan diselesaikan didefinisikan dengan jelas. Tujuan utama dari tahap ini adalah untuk menetapkan lingkup dan tujuan proyek perbaikan serta mengidentifikasi kebutuhan dan harapan pemangku kepentingan.
A5: RINGKASAN PROGRESS FASE INI
B6: Jumlah Langkah | C6: Selesai | D6: Sedang Berjalan | E6: Belum Mulai | F6: Rata-rata Progress
B7: =COUNTA(B9:B13) -> 5 | C7: =COUNTIF(E9:E13,"Selesai") -> 0 | D7: =COUNTIF(E9:E13,"Sedang Berjalan") -> 0 | E7: =COUNTIF(E9:E13,"Belum Mulai") -> 5 | F7: =IFERROR(AVERAGE(F9:F13),0) -> 0
A8: No | B8: Langkah | C8: Deskripsi (sesuai materi) | D8: PIC | E8: Status | F8: Progress (%) | G8: Tanggal Mulai | H8: Tanggal Selesai | I8: Catatan / Output
A9: 1 | B9: Mengidentifikasi Masalah | C9: Menentukan masalah yang memerlukan perbaikan dengan jelas dan ringkas. Hal ini bisa mencakup masalah kualitas, efisiensi, atau produktivitas. | E9: Belum Mulai | F9: 0
A10: 2 | B10: Membentuk Tim Proyek | C10: Memilih anggota tim yang memiliki pengetahuan dan keterampilan yang relevan untuk menyelesaikan masalah yang telah diidentifikasi. | E10: Belum Mulai | F10: 0
A11: 3 | B11: Mengembangkan Pernyataan Proyek | C11: Membuat pernyataan proyek (project charter) yang mencakup tujuan, ruang lingkup, batasan, dan jadwal proyek. | E11: Belum Mulai | F11: 0
A12: 4 | B12: Mengidentifikasi Pemangku Kepentingan | C12: Mengidentifikasi semua pihak yang terlibat atau terpengaruh oleh proyek dan memahami kebutuhan serta harapan mereka. | E12: Belum Mulai | F12: 0
A13: 5 | B13: Menyusun Diagram SIPOC | C13: SIPOC (Supplier, Input, Process, Output, Customer) adalah alat yang membantu tim proyek untuk memahami proses secara keseluruhan dan bagaimana setiap elemen saling berhubungan. | E13: Belum Mulai | F13: 0
A15: ALAT BANTU: DIAGRAM SIPOC (Supplier - Input - Process - Output - Customer)
A16: SIPOC membantu memahami proses secara keseluruhan dan bagaimana setiap elemen saling berhubungan, dari pemasok input hingga pelanggan penerima output.
A17: SUPPLIER (Pemasok) | C17: INPUT (Masukan) | E17: PROCESS (Proses) | G17: OUTPUT (Keluaran) | I17: CUSTOMER (Pelanggan)

Sheet 1b. Project Charter & VOC-CTQ
A1: PROJECT CHARTER & VOICE OF CUSTOMER (VOC) - CTQ TREE
A2: Alat bantu tambahan pada tahap Define: Project Charter memformalkan tujuan & ruang lingkup proyek, sedangkan VOC-CTQ Tree menerjemahkan kebutuhan pelanggan/stakeholder menjadi kriteria kualitas (Critical to Quality) yang terukur.
A5: PROJECT CHARTER
A6: Business Case
A7: Goal Statement (SMART)
A8: Ruang Lingkup - In Scope
A9: Ruang Lingkup - Out of Scope
A10: Milestone / Timeline Utama
A12: RACI TIM PROYEK (Responsible - Accountable - Consulted - Informed)
A13: No | B13: Nama Anggota | C13: Peran / Jabatan | D13: R (Responsible) | E13: A (Accountable) | F13: C (Consulted) | G13: I (Informed) | H13: Catatan
A14: 1
A15: 2
A16: 3
A17: 4
A18: 5
A21: VOICE OF CUSTOMER (VOC) & CTQ TREE (Critical to Quality)
A22: No | B22: Pelanggan / Stakeholder | D22: Voice of Customer (Kebutuhan/Keluhan) | F22: Key Driver (Kebutuhan Diterjemahkan) | H22: CTQ (Kriteria Terukur) | I22: Target / Spesifikasi
A23: 1
A24: 2
A25: 3
A26: 4
A27: 5

Sheet 2. Measure
A1: FASE 2: MEASURE (MENGUKUR)
A2: Tahap Measure bertujuan untuk mengumpulkan data yang relevan dan mengukur kinerja saat ini dari proses yang akan diperbaiki. Langkah ini penting untuk memahami sejauh mana masalah tersebut berdampak dan menetapkan dasar yang objektif untuk perbaikan.
A5: RINGKASAN PROGRESS FASE INI
B6: Jumlah Langkah | C6: Selesai | D6: Sedang Berjalan | E6: Belum Mulai | F6: Rata-rata Progress
B7: =COUNTA(B9:B13) -> 5 | C7: =COUNTIF(E9:E13,"Selesai") -> 0 | D7: =COUNTIF(E9:E13,"Sedang Berjalan") -> 0 | E7: =COUNTIF(E9:E13,"Belum Mulai") -> 5 | F7: =IFERROR(AVERAGE(F9:F13),0) -> 0
A8: No | B8: Langkah | C8: Deskripsi (sesuai materi) | D8: PIC | E8: Status | F8: Progress (%) | G8: Tanggal Mulai | H8: Tanggal Selesai | I8: Catatan / Output
A9: 1 | B9: Mengidentifikasi Metrik Kunci | C9: Menentukan metrik atau indikator kinerja yang akan digunakan untuk mengukur kinerja proses. | E9: Belum Mulai | F9: 0
A10: 2 | B10: Mengumpulkan Data | C10: Mengumpulkan data yang akurat dan relevan tentang kinerja proses saat ini. | E10: Belum Mulai | F10: 0
A11: 3 | B11: Menganalisis Data | C11: Menganalisis data yang telah dikumpulkan untuk mengidentifikasi pola, tren, dan variabilitas dalam proses. | E11: Belum Mulai | F11: 0
A12: 4 | B12: Memvalidasi Sistem Pengukuran | C12: Memastikan bahwa alat dan metode pengukuran yang digunakan akurat dan andal. | E12: Belum Mulai | F12: 0
A13: 5 | B13: Menyusun Peta Proses | C13: Membuat peta proses yang menggambarkan alur kerja dan interaksi antara berbagai elemen dalam proses. | E13: Belum Mulai | F13: 0
A15: ALAT BANTU: METRIK KUNCI (Key Metrics) & BASELINE
A16: No | B16: Nama Metrik | C16: Definisi / Cara Ukur | D16: Baseline Saat Ini | E16: Target | F16: Sumber Data | G16: Frekuensi Pengukuran | H16: Catatan
A17: 1
A18: 2
A19: 3
A20: 4
A21: 5

Sheet 3. Analyze
A1: FASE 3: ANALYZE (MENGANALISIS)
A2: Tahap Analyze bertujuan untuk mengidentifikasi akar penyebab masalah dalam proses. Dengan memahami penyebab yang mendasari masalah, tim proyek dapat mengembangkan solusi yang efektif untuk memperbaiki proses.
A5: RINGKASAN PROGRESS FASE INI
B6: Jumlah Langkah | C6: Selesai | D6: Sedang Berjalan | E6: Belum Mulai | F6: Rata-rata Progress
B7: =COUNTA(B9:B13) -> 5 | C7: =COUNTIF(E9:E13,"Selesai") -> 0 | D7: =COUNTIF(E9:E13,"Sedang Berjalan") -> 0 | E7: =COUNTIF(E9:E13,"Belum Mulai") -> 5 | F7: =IFERROR(AVERAGE(F9:F13),0) -> 0
A8: No | B8: Langkah | C8: Deskripsi (sesuai materi) | D8: PIC | E8: Status | F8: Progress (%) | G8: Tanggal Mulai | H8: Tanggal Selesai | I8: Catatan / Output
A9: 1 | B9: Mengidentifikasi Penyebab Potensial | C9: Menggunakan teknik brainstorming dan alat analisis seperti diagram Fishbone (Ishikawa) untuk mengidentifikasi semua kemungkinan penyebab masalah. Lihat sheet '3b. Fishbone (Ishikawa)'. | E9: Belum Mulai | F9: 0
A10: 2 | B10: Menganalisis Data | C10: Menggunakan alat statistik dan analisis data untuk menguji hipotesis dan mengidentifikasi penyebab yang paling signifikan. | E10: Belum Mulai | F10: 0
A11: 3 | B11: Melakukan Root Cause Analysis | C11: Menggunakan teknik seperti 5 Whys untuk menggali lebih dalam dan menemukan akar penyebab masalah. | E11: Belum Mulai | F11: 0
A12: 4 | B12: Memvalidasi Penyebab | C12: Memastikan bahwa penyebab yang telah diidentifikasi benar-benar bertanggung jawab atas masalah yang terjadi. | E12: Belum Mulai | F12: 0
A13: 5 | B13: Mengembangkan Hipotesis Perbaikan | C13: Mengembangkan hipotesis tentang bagaimana masalah dapat diperbaiki berdasarkan analisis yang telah dilakukan. | E13: Belum Mulai | F13: 0
A15: ALAT BANTU 1: ROOT CAUSE ANALYSIS - TEKNIK 5 WHYS
A16: Masalah (Effect)
A17: Why 1 - Mengapa masalah ini terjadi?
A18: Why 2 - Mengapa penyebab #1 terjadi?
A19: Why 3 - Mengapa penyebab #2 terjadi?
A20: Why 4 - Mengapa penyebab #3 terjadi?
A21: Why 5 - Mengapa penyebab #4 terjadi?
A22: AKAR PENYEBAB (Root Cause)
A24: ALAT BANTU 2: VALIDASI PENYEBAB
A25: No | B25: Penyebab Potensial | D25: Metode Validasi | F25: Hasil Validasi | H25: Valid? (Ya/Tidak)
A26: 1
A27: 2
A28: 3
A29: 4
A31: Catatan: untuk pemetaan penyebab per kategori (Man, Machine, Method, Material, Measurement, Environment) gunakan sheet 'Fishbone (Ishikawa)'.

Sheet 3b. Fishbone (Ishikawa)
A1: DIAGRAM FISHBONE / ISHIKAWA - ANALISIS PENYEBAB (METODE 6M)
A2: Diagram fishbone (tulang ikan) digunakan pada tahap Analyze untuk mengidentifikasi semua kemungkinan penyebab masalah melalui brainstorming, dikelompokkan ke dalam 6 kategori (6M): Man, Machine, Method, Material, Measurement, dan Environment.
A5: MASALAH / EFEK (kepala ikan)
A8: No | B8: MAN (Manusia) | D8: MACHINE (Mesin/Alat) | F8: METHOD (Metode) | H8: MATERIAL (Bahan) | J8: MEASUREMENT (Pengukuran) | L8: ENVIRONMENT (Lingkungan)
A9: 1
A10: 2
A11: 3
A12: 4
A13: 5
A14: 6
A15: 7
A16: 8
A17: 9
A18: 10
A21: PENYEBAB UTAMA TERPILIH (untuk ditindaklanjuti ke 5 Whys / tahap Improve)

Sheet 3c. Pareto Chart
A1: PARETO CHART - PRIORITAS PENYEBAB (PRINSIP 80/20)
A2: Pareto Chart membantu menentukan penyebab/masalah mana yang paling berkontribusi (prinsip 80/20: 20% penyebab sering menyumbang 80% masalah). PENTING: urutkan data dari frekuensi TERBESAR ke TERKECIL sebelum diisi, karena grafik & kolom kumulatif mengikuti urutan baris.
A6: No | B6: Kategori / Penyebab | C6: Frekuensi (Jumlah Kejadian) | D6: Frekuensi Kumulatif | E6: % Kumulatif | F6: Garis 80%
A7: 1 | C7: 0 | D7: =C7 -> 0 | E7: =IFERROR(D7/SUM($C$7:$C$14)*100,0) -> 0 | F7: 80
A8: 2 | C8: 0 | D8: =D7+C8 -> 0 | E8: =IFERROR(D8/SUM($C$7:$C$14)*100,0) -> 0 | F8: 80
A9: 3 | C9: 0 | D9: =D8+C9 -> 0 | E9: =IFERROR(D9/SUM($C$7:$C$14)*100,0) -> 0 | F9: 80
A10: 4 | C10: 0 | D10: =D9+C10 -> 0 | E10: =IFERROR(D10/SUM($C$7:$C$14)*100,0) -> 0 | F10: 80
A11: 5 | C11: 0 | D11: =D10+C11 -> 0 | E11: =IFERROR(D11/SUM($C$7:$C$14)*100,0) -> 0 | F11: 80
A12: 6 | C12: 0 | D12: =D11+C12 -> 0 | E12: =IFERROR(D12/SUM($C$7:$C$14)*100,0) -> 0 | F12: 80
A13: 7 | C13: 0 | D13: =D12+C13 -> 0 | E13: =IFERROR(D13/SUM($C$7:$C$14)*100,0) -> 0 | F13: 80
A14: 8 | C14: 0 | D14: =D13+C14 -> 0 | E14: =IFERROR(D14/SUM($C$7:$C$14)*100,0) -> 0 | F14: 80
B15: TOTAL | C15: =SUM(C7:C14) -> 0

Sheet 4. Improve
A1: FASE 4: IMPROVE (MEMPERBAIKI)
A2: Tahap Improve bertujuan untuk mengembangkan dan mengimplementasikan solusi yang efektif untuk memperbaiki masalah yang telah diidentifikasi. Langkah ini melibatkan perancangan, pengujian, dan penerapan perbaikan.
A5: RINGKASAN PROGRESS FASE INI
B6: Jumlah Langkah | C6: Selesai | D6: Sedang Berjalan | E6: Belum Mulai | F6: Rata-rata Progress
B7: =COUNTA(B9:B13) -> 5 | C7: =COUNTIF(E9:E13,"Selesai") -> 0 | D7: =COUNTIF(E9:E13,"Sedang Berjalan") -> 0 | E7: =COUNTIF(E9:E13,"Belum Mulai") -> 5 | F7: =IFERROR(AVERAGE(F9:F13),0) -> 0
A8: No | B8: Langkah | C8: Deskripsi (sesuai materi) | D8: PIC | E8: Status | F8: Progress (%) | G8: Tanggal Mulai | H8: Tanggal Selesai | I8: Catatan / Output
A9: 1 | B9: Mengembangkan Solusi | C9: Mengembangkan solusi yang potensial untuk memperbaiki masalah berdasarkan analisis yang telah dilakukan. | E9: Belum Mulai | F9: 0
A10: 2 | B10: Melakukan Uji Coba | C10: Menguji solusi yang telah dikembangkan pada skala kecil untuk memastikan efektivitasnya sebelum diterapkan secara luas. | E10: Belum Mulai | F10: 0
A11: 3 | B11: Mengukur Hasil Uji Coba | C11: Mengukur hasil dari uji coba untuk memastikan bahwa solusi yang diimplementasikan memberikan perbaikan yang diharapkan. | E11: Belum Mulai | F11: 0
A12: 4 | B12: Mengimplementasikan Solusi | C12: Mengimplementasikan solusi yang telah terbukti efektif secara luas dalam proses. | E12: Belum Mulai | F12: 0
A13: 5 | B13: Melakukan Pelatihan | C13: Melatih karyawan tentang perubahan yang dilakukan dan bagaimana mengimplementasikan solusi dalam pekerjaan sehari-hari. | E13: Belum Mulai | F13: 0
A15: ALAT BANTU 1: PERBANDINGAN & PRIORITAS SOLUSI (tanpa perhitungan biaya)
A16: No | B16: Solusi yang Diusulkan | C16: Deskripsi Solusi | D16: Dampak (Rendah/Sedang/Tinggi) | E16: Effort (Rendah/Sedang/Tinggi) | F16: Prioritas | G16: Keputusan (Diterima/Ditolak) | H16: Alasan / Catatan
A17: 1
A18: 2
A19: 3
A20: 4
A22: ALAT BANTU 2: RENCANA UJI COBA (PILOT TEST PLAN)
A23: Solusi yang Diuji | C23: Skala Uji Coba | D23: Durasi | E23: Metrik Keberhasilan | G23: Hasil | I23: Kesimpulan

Sheet 4b. FMEA (Analisis Risiko)
A1: FMEA - FAILURE MODE & EFFECT ANALYSIS (ANALISIS RISIKO)
A2: FMEA digunakan pada tahap Improve untuk menilai risiko dari setiap potensi kegagalan proses/solusi. RPN (Risk Priority Number) = Severity x Occurrence x Detection (skala 1-10 untuk masing-masing). Semakin tinggi RPN, semakin prioritas untuk ditindaklanjuti.
A5: SKALA PENILAIAN: 1 = Sangat Rendah/Jarang/Mudah Terdeteksi ... 10 = Sangat Tinggi/Sering/Sulit Terdeteksi
A6: No | B6: Proses / Tahapan | C6: Potensi Kegagalan (Failure Mode) | D6: Efek Kegagalan (Effect) | E6: Severity (1-10) | F6: Penyebab Potensial (Cause) | G6: Occurrence (1-10) | H6: Kontrol Saat Ini (Current Control) | I6: Detection (1-10) | J6: RPN (S x O x D) | K6: Tindakan Rekomendasi | L6: PIC | M6: Target Selesai | N6: RPN Baru (setelah tindakan)
A7: 1 | E7: 1 | G7: 1 | I7: 1 | J7: =E7*G7*I7 -> 1
A8: 2 | E8: 1 | G8: 1 | I8: 1 | J8: =E8*G8*I8 -> 1
A9: 3 | E9: 1 | G9: 1 | I9: 1 | J9: =E9*G9*I9 -> 1
A10: 4 | E10: 1 | G10: 1 | I10: 1 | J10: =E10*G10*I10 -> 1
A11: 5 | E11: 1 | G11: 1 | I11: 1 | J11: =E11*G11*I11 -> 1
A12: 6 | E12: 1 | G12: 1 | I12: 1 | J12: =E12*G12*I12 -> 1
A14: Prioritas: RPN > 100 = Merah (prioritas tinggi), 50-100 = Kuning (prioritas sedang), < 50 = Hijau (prioritas rendah).

Sheet 5. Control
A1: FASE 5: CONTROL (MENGENDALIKAN)
A2: Tahap Control bertujuan untuk memastikan bahwa perbaikan yang telah dilakukan dapat dipertahankan dalam jangka panjang. Langkah ini melibatkan pemantauan kinerja proses dan mengambil tindakan korektif jika diperlukan.
A5: RINGKASAN PROGRESS FASE INI
B6: Jumlah Langkah | C6: Selesai | D6: Sedang Berjalan | E6: Belum Mulai | F6: Rata-rata Progress
B7: =COUNTA(B9:B13) -> 5 | C7: =COUNTIF(E9:E13,"Selesai") -> 0 | D7: =COUNTIF(E9:E13,"Sedang Berjalan") -> 0 | E7: =COUNTIF(E9:E13,"Belum Mulai") -> 5 | F7: =IFERROR(AVERAGE(F9:F13),0) -> 0
A8: No | B8: Langkah | C8: Deskripsi (sesuai materi) | D8: PIC | E8: Status | F8: Progress (%) | G8: Tanggal Mulai | H8: Tanggal Selesai | I8: Catatan / Output
A9: 1 | B9: Mengembangkan Rencana Kontrol | C9: Membuat rencana kontrol yang mencakup prosedur untuk memantau kinerja proses dan tindakan yang harus diambil jika terjadi penyimpangan. | E9: Belum Mulai | F9: 0
A10: 2 | B10: Mengimplementasikan Sistem Pengawasan | C10: Menggunakan alat pengawasan seperti control charts untuk memantau kinerja proses secara kontinu. | E10: Belum Mulai | F10: 0
A11: 3 | B11: Mengadakan Review Berkala | C11: Melakukan review berkala terhadap kinerja proses untuk memastikan bahwa perbaikan dipertahankan dan masalah baru diidentifikasi secara dini. | E11: Belum Mulai | F11: 0
A12: 4 | B12: Membuat Dokumentasi | C12: Mendokumentasikan semua perubahan yang dilakukan dalam proses dan hasil yang dicapai untuk referensi di masa mendatang. | E12: Belum Mulai | F12: 0
A13: 5 | B13: Mengidentifikasi Peluang Perbaikan Lebih Lanjut | C13: Terus mencari dan mengidentifikasi peluang untuk perbaikan lebih lanjut dalam proses. | E13: Belum Mulai | F13: 0
A15: ALAT BANTU 1: RENCANA KONTROL (CONTROL PLAN)
A16: No | B16: Parameter yang Dikontrol | C16: Metode Kontrol (mis. Control Chart) | D16: Target / Spesifikasi | E16: Frekuensi Monitoring | F16: PIC | G16: Tindakan Jika Menyimpang | H16: Catatan
A17: 1
A18: 2
A19: 3
A20: 4
A22: ALAT BANTU 2: JADWAL REVIEW BERKALA
A23: Periode Review | C23: Tanggal | D23: Peserta | F23: Temuan | H23: Tindak Lanjut

Sheet 5b. Control Chart & Monitoring
A1: CONTROL CHART & LOG MONITORING PROSES
A2: Digunakan pada tahap Control untuk memantau kestabilan proses dari waktu ke waktu. Isi Center Line (CL/Target), Upper Control Limit (UCL), dan Lower Control Limit (LCL) di bawah, lalu catat hasil pengukuran secara berkala pada tabel.
A5: Center Line / Target (CL) | C5: 0
A6: Upper Control Limit (UCL) | C6: 0
A7: Lower Control Limit (LCL) | C7: 0
A9: No | B9: Tanggal | C9: Nilai Pengukuran | D9: CL (Target) | E9: UCL | F9: LCL | G9: Keterangan
A10: 1 | D10: =$C$5 -> 0 | E10: =$C$6 -> 0 | F10: =$C$7 -> 0
A11: 2 | D11: =$C$5 -> 0 | E11: =$C$6 -> 0 | F11: =$C$7 -> 0
A12: 3 | D12: =$C$5 -> 0 | E12: =$C$6 -> 0 | F12: =$C$7 -> 0
A13: 4 | D13: =$C$5 -> 0 | E13: =$C$6 -> 0 | F13: =$C$7 -> 0
A14: 5 | D14: =$C$5 -> 0 | E14: =$C$6 -> 0 | F14: =$C$7 -> 0
A15: 6 | D15: =$C$5 -> 0 | E15: =$C$6 -> 0 | F15: =$C$7 -> 0
A16: 7 | D16: =$C$5 -> 0 | E16: =$C$6 -> 0 | F16: =$C$7 -> 0
A17: 8 | D17: =$C$5 -> 0 | E17: =$C$6 -> 0 | F17: =$C$7 -> 0
A18: 9 | D18: =$C$5 -> 0 | E18: =$C$6 -> 0 | F18: =$C$7 -> 0
A19: 10 | D19: =$C$5 -> 0 | E19: =$C$6 -> 0 | F19: =$C$7 -> 0
A20: 11 | D20: =$C$5 -> 0 | E20: =$C$6 -> 0 | F20: =$C$7 -> 0
A21: 12 | D21: =$C$5 -> 0 | E21: =$C$6 -> 0 | F21: =$C$7 -> 0

Sheet Glosarium
A1: GLOSARIUM ISTILAH LEAN SIX SIGMA & DMAIC
A3: Istilah | B3: Penjelasan
A4: DMAIC | B4: Define, Measure, Analyze, Improve, Control - kerangka kerja Lean Six Sigma untuk perbaikan proses secara sistematis dan berbasis data.
A5: Lean Six Sigma | B5: Metodologi gabungan antara Lean (mengurangi pemborosan, meningkatkan efisiensi) dan Six Sigma (mengurangi variasi dan cacat) untuk meningkatkan kualitas proses.
A6: SIPOC | B6: Supplier, Input, Process, Output, Customer - alat pemetaan proses tingkat tinggi yang digunakan pada tahap Define.
A7: Project Charter | B7: Dokumen formal yang mendefinisikan tujuan, ruang lingkup, batasan, dan jadwal suatu proyek perbaikan.
A8: Voice of Customer (VOC) | B8: Kebutuhan, harapan, dan keluhan pelanggan atau stakeholder terhadap suatu produk, layanan, atau proses.
A9: CTQ (Critical to Quality) | B9: Kriteria kualitas yang terukur, hasil terjemahan dari kebutuhan pelanggan (VOC) menjadi target/spesifikasi yang jelas.
A10: Fishbone Diagram / Diagram Ishikawa | B10: Diagram berbentuk tulang ikan yang digunakan untuk mengidentifikasi dan mengelompokkan penyebab masalah ke dalam beberapa kategori.
A11: 6M | B11: Enam kategori penyebab yang umum digunakan dalam diagram fishbone: Man (Manusia), Machine (Mesin/Alat), Method (Metode), Material (Bahan), Measurement (Pengukuran), dan Environment (Lingkungan).
A12: 5 Whys | B12: Teknik bertanya 'mengapa' secara berulang (umumnya 5 kali) untuk menggali lebih dalam hingga menemukan akar penyebab suatu masalah.
A13: Root Cause Analysis (RCA) | B13: Proses sistematis untuk mengidentifikasi akar penyebab suatu masalah, bukan hanya menangani gejala yang tampak di permukaan.
A14: Pareto Chart | B14: Grafik yang menampilkan penyebab atau masalah berdasarkan frekuensi kejadiannya, mengikuti prinsip 80/20 (sebagian kecil penyebab menyumbang sebagian besar masalah).
... A27: Control Plan | B27: Rencana atau prosedur yang disusun untuk memantau dan mempertahankan hasil perbaikan proses dalam jangka panjang.
